0,0,0.0022161,0,0,0,0.005764,0.0087286,0,0,0,0,0,0.0095127,0,0,0.00018619,0,0.00022254,0,9.5873e-05,0,0.00090368,9.1916e-05,0,0.00027173,4.855e-05,0.00036948,0.0064219,0.0096402,0,0.00029762,0,0.00028561,0,0,0,0,0,0,0,0,0,0,0,0,0,0,0,0,0,0,0,0,0,0,0,0,0,0,0,0,0,0,0,0,0,0
0,0,0,0,0,0,0,0,0.016083,0,0,0,0.002632,0.00010562,0.00036337,0.00046125,0,0,0.0041672,0,0,0.035574,0,0.015862,0.04107,0.0018873,0.00654,0.00022868,0,7.9665e-05,0,0,0,0.00015178,0,0.00031158,0,0,0,0,0,0,0,0,0,0,0,0,0,0,0,0,0,0,0,0,0,0,0,0.00018463,0,0,0,0,0,0,0,0
0.0022161,0,0,0,0,0.014196,0.0056429,0.036537,0,0.00012857,0.0001676,0,0,0.01351,0,0,0.014821,0,0.00060742,0,0.0051523,0,0.016454,0,0,0.01181,0.022354,0.00046322,0.0059324,0.015565,0,0.00042265,0,0.00074484,0,0.00027168,0.023934,0,0,0.00032788,6.27e-05,0.00022326,0,0,0,0,0,6.9054e-05,0,0.00011698,0.0049946,0.00013573,0.00011666,0,0,0,0.00012728,0,0,0.0099995,0.02056,5.8486e-05,6.6894e-05,0,0,0,0,0.00048497
0,0,0,0,0.00041395,0,9.5951e-05,9.1663e-05,0.0067481,0.011802,0,0.0081374,0,0.00017727,0.00065696,0,0,0,0,0.10111,0,0,0,0.0099349,0,0,4.5459e-05,0.014197,0.0003568,0,0,0,0,0.00059503,0,0,0,0.0012447,0,0.0003042,0.00029387,0,0.0012906,0.0010956,0,0,0,0,0.00021478,0,0,0,0,0.00082102,0,0,0,0.00015015,0,0,0,0.00054199,0.00023788,0,0,0,0,0
0,0,0,0.00041395,0,0.0054287,0.0011148,0.00021146,0.0074414,0.00093482,0.00012279,0.0019994,0.00032992,0.00010172,0.029213,0.00021281,0,0,0,0.00046147,9.6344e-05,0.00023264,0,0.0011082,0.00026175,0,9.734e-05,0.00044505,7.9605e-05,7.7426e-05,0,0.0081596,0,0.0025894,0,0,0,0,0,0,0,0,0.00025173,8.8285e-05,0,0.00011254,0,0,0,0,0,0,0,0.00021559,0,0,0,0,0,0,0,0,0,0,0,0,0,0
0,0,0.014196,0,0.0054287,0,0.037587,0.026631,0.0048757,0.03231,0,0.018935,9.7709e-05,0.0047133,0.0075472,0,0.0031604,0.00026636,0.00023215,0.0016458,0.0012369,0.00011805,0.0016091,0.0017332,0,0.013215,0.0018205,0.0091197,0.0010159,0.0010534,0,0.016574,0,0.00044948,0,0,0.00016964,0.00098377,0,0.0016689,0.0022654,0.00014471,0.0013505,0.0014839,0,0.00015316,0,6.7272e-05,0.00013556,0.00011196,0,0,0,0.00045398,0,0,0,0.0028677,0,4.8113e-05,0.00021693,0.003375,0.00026088,0,0,0,0,0.00046757
0.005764,0,0.0056429,9.5951e-05,0.0011148,0.037587,0,0.014553,0.016109,0.011522,0.00043686,0.00021287,0.00017164,0.032099,0.0019528,0,0.00018331,0.00011203,9.9671e-05,0,0.00068879,0,0.0013816,0.0063341,0.00010626,0.0028628,0.008838,0.044673,0.0072166,0.0092943,0,0.0010113,0,0.004465,0,0,0.00060569,0.00028392,0,0.001357,0.0038309,0.00045935,0.0012548,0.00053199,7.2348e-05,0,0,0.00024565,0,0,0,0,0,0.00039105,0,0,0,0.0033793,0,0.00018016,0.00044959,0.0067198,0.0007164,0,0,0.00023167,0,0.0004954
0.0087286,0,0.036537,9.1663e-05,0.00021146,0.026631,0.014553,0,0.00039567,0.0034183,0.0016172,0.0063098,0.0009061,0.024641,0.004895,0,0.016055,0.0011685,0.001806,0.0012486,0.003828,0,0.008702,0.00029574,0.00010103,0.017014,0.0020282,0.0033232,0.0063841,0.014479,0.00023943,0.011292,0,0.0016885,0,0,0.00029207,0,0,0,5.4831e-05,0,0,0,0,0,0,0,0,9.2272e-05,0,0,0,0,6.4431e-05,0,0,0.00022288,0,4.4072e-05,0.00016029,0.00010316,0,0,0,0,0,0
0,0.016083,0,0.0067481,0.0074414,0.0048757,0.016109,0.00039567,0,0.0073278,0.00011369,0.0058991,0.0055113,0.0001908,0.028408,0,0,0,0.00019631,0.0094273,0,0.038384,0,0.040157,0.026834,0.00026108,0.0096707,0.018397,0.00022704,0.00036854,0,0.00050499,0,0.00065764,0,0,0,0.0003554,0,0.0004414,0.0011708,9.7087e-05,0.0069204,0.00058438,0,0.0002097,0,0,0,0.00018481,0,0,0,0.00056711,9.9069e-05,0.00063966,0,0.0031949,0,5.7926e-05,5.121e-05,0.0012894,0.00033865,9.7699e-05,0,0,0,0
0,0,0.00012857,0.011802,0.00093482,0.03231,0.011522,0.0034183,0.0073278,0,0.0013308,0.026585,0.00096893,0.0045012,0.00078247,0,0,0.00042651,0.0010912,0.030894,0,7.883e-05,0,0.0010408,0.00024575,0.0040336,0.0041129,0.021218,0.011791,0,0.00028137,0.0014535,0.00018086,0.0087362,0,0,0,0.0014218,0,0.0020836,0.0018007,5.5446e-05,0.0022655,0.0048696,0,0.0011,0,5.2412e-05,0,0,0,0,0,0.0036851,0,0,0,0.0017773,0,0.00016001,7.3359e-05,0.0038256,0.00025579,0,0,0,0,0.00033539
0,0,0.0001676,0,0.00012279,0,0.00043686,0.0016172,0.00011369,0.0013308,0,0.0016583,0.012655,0.0025352,0,0,0.00049583,0.011728,0.0035844,0.001319,0.0001981,0.00011034,0.00011116,0.00025653,0.0068729,0.0084905,0.0020545,0.00049327,0.0025973,0.00022625,0.0014207,0.0053264,0,0.016132,0,0,0,0,0,0,0,0,0.00011446,0,0.0049248,0,0.00048854,0,0,0,0,0.00011987,0,0,0,0,0,0.00012025,0,0.00028069,8.4602e-05,5.5331e-05,0,0,0.0021078,0,0,8.8613e-05
0,0,0,0.0081374,0.0019994,0.018935,0.00021287,0.0063098,0.0058991,0.026585,0.0016583,0,0.0009835,0.0072226,0.0054628,0,0,0.00023645,0.0010455,0.050653,0,0,0,0.000815,0.00044728,0.0032336,0.002766,0.01032,0.0055416,0,0.00040554,0.0053371,0,0.011098,0,0,0,0.0016834,0,0.00088672,0.00052076,0,0.0012095,0.0025533,0,0.00099939,0,6.3231e-05,0.00012009,0,0,0,0,0.002971,0,0,0,0.00076511,0,4.601e-05,4.1669e-05,0.0014649,6.1416e-05,0,0,0,0,8.5885e-05
0,0.002632,0,0,0.00032992,9.7709e-05,0.00017164,0.0009061,0.0055113,0.00096893,0.012655,0.0009835,0,0.0011189,0.0001725,0.00054193,0.00024994,0,0.00014036,0.00071266,7.6561e-05,0.0032949,6.2854e-05,0.0023685,0.0203,0.0044377,0.014336,0.00037121,0.0001312,6.4113e-05,0.016341,0.0013353,0,0.0044636,0,0,0,0,0,0,0,0,0,0,0.0038484,0,0.00036799,0,0,0,0,0,0,0,0,0,6.8465e-05,6.8726e-05,0,0.0008811,0.00037109,0,0,0,0.0017877,0,0,0.00010866
0.0095127,0.00010562,0.01351,0.00017727,0.00010172,0.0047133,0.032099,0.024641,0.0001908,0.0045012,0.0025352,0.0072226,0.0011189,0,0.00041817,0,0.0047577,0.00061309,0.0011934,0.0019472,0.0031491,9.3032e-05,0.0044719,0.00046299,0.00029208,0.0074811,0.0034819,0.0056191,0.023774,0.019622,0.00034382,0.0079922,0.00010963,0.0033577,0,0,0.00014217,0,0,0,0,0,0,0,0,0,0,5.8333e-05,0,0,0,0,0,0,0,0,5.4423e-05,0.00016376,0,4.336e-05,7.8969e-05,5.0609e-05,0,0,0.0002272,0,0,0
0,0.00036337,0,0.00065696,0.029213,0.0075472,0.0019528,0.004895,0.028408,0.00078247,0,0.0054628,0.0001725,0.00041817,0,0,0,0,0,0.00049152,0,0.00024792,0,0.0016093,0.00056251,0,0.00019722,0.0013619,0,0,0,0.0022996,0,0,0,0,0,0,0,0,0,0,0,9.04e-05,0,0,0,0,0,0,0,0,0,0,0,0,0,0,0,0,0,0,0,0,0,0,0,0
0,0.00046125,0,0,0.00021281,0,0,0,0,0,0,0,0.00054193,0,0,0,0,0,0,0,0.0087191,0.016021,0.020073,0.0059271,0,0.00018763,0.0096499,0.0081078,0,7.0252e-05,0.00027824,0.00021608,0,0.00024182,0,0,0,0,0,0,7.4189e-05,9.1178e-05,0.00018898,0,0,0,0,0,0,0.15185,0,0,0,0,0.020257,0.0033598,0.037907,0.0065213,0,5.5769e-05,0.0078732,0.0021876,0,0.00082546,0,0,0,0.0002551
0.00018619,0,0.014821,0,0,0.0031604,0.00018331,0.016055,0,0,0.00049583,0,0.00024994,0.0047577,0,0,0,0.0020849,0.026165,0,0.0020293,0,0.0074499,7.8318e-05,0,0.0056594,0.04834,0.00025938,0.0086195,0.0066642,0,0.00038102,0.0010842,0.0024743,0,0.00036281,0.0034528,0,0,0,0,0,0,7.5375e-05,0,0,0,0,0,0,0.00060976,0,0.00014874,0,0,0,0.00021639,0,0,0.0064144,0.0050922,0,0,0,0,0,0,0
0,0,0,0,0,0.00026636,0.00011203,0.0011685,0,0.00042651,0.011728,0.00023645,0,0.00061309,0,0,0.0020849,0,0.011822,0.0009324,0.00019351,0,0.00022755,0.00018545,0.0066199,0.01094,0.0050238,7.4419e-05,0.0010385,7.7691e-05,0.00089646,0.00030628,0.00038059,0.0017372,0,0,0,0,0,0,0,0,0.00025455,0,0.0014656,0,0.00036856,0,0,0,0,0.0011317,0.00042203,0,0,0,0,0,0.0018605,0.0035611,0.00042481,0,0,0,0.0099632,0,0,0
0.00022254,0.0041672,0.00060742,0,0,0.00023215,9.9671e-05,0.001806,0.00019631,0.0010912,0.0035844,0.0010455,0.00014036,0.0011934,0,0,0.026165,0.011822,0,0.00055592,0.00026219,0,0.00020993,0,0.00040958,0.0073735,0.0072192,6.8757e-05,0.0022753,0.0003577,0,0,0,0.0071126,0,0.00021575,0,0,0,0,0,0,0,0,0,0,0,0,0,0,0,0.00043094,0.0015396,0,0,0,0,7.7334e-05,0.00023087,0.0070723,0.0033603,0,0,0,0.0011713,0,0,0
0,0,0,0.10111,0.00046147,0.0016458,0,0.0012486,0.0094273,0.030894,0.001319,0.050653,0.00071266,0.0019472,0.00049152,0,0,0.0009324,0.00055592,0,0,0,0,0.0042436,0.00020945,0.0017922,0.0010232,0.0094212,0.0035513,0,0.00061939,0.0030495,0,0.0054393,0,0,0,0.0015177,0,0.00042715,0.00053378,0,0.0014209,0.0024428,0,0.0004065,0,0,0,0,0,0,0,0.0030398,0,0,0,0.00054592,0,0,5.0429e-05,0.0014723,0.0001651,0,0,0,0,0
9.5873e-05,0,0.0051523,0,9.6344e-05,0.0012369,0.00068879,0.003828,0,0,0.0001981,0,7.6561e-05,0.0031491,0,0.0087191,0.0020293,0.00019351,0.00026219,0,0,0.00017702,0.034606,0.00028046,0,0.00073838,0.0030857,0.0059079,0.0019426,0.033743,0,0.00019401,0.0002068,0.017418,0,0,0.00013683,0,0,0,0,0,9.1141e-05,5.4566e-05,0,0,0,0,0,0.016413,8.6062e-05,0,0,0,0.025058,0.00027179,0.0020081,0.01166,0,8.4704e-05,0.00011594,0.0068444,0.0001652,0.0025929,0,0,0.00021291,7.3962e-05
0,0.035574,0,0,0.00023264,0.00011805,0,0,0.038384,7.883e-05,0.00011034,0,0.0032949,9.3032e-05,0.00024792,0.016021,0,0,0,0,0.00017702,0,0.00021207,0.028263,0.03524,0.0001283,0.0059632,0.0011111,7.4181e-05,0.00043371,0.00031314,0,0,0,0,0,0,0,0,0,0,0,0.00040891,0,0,0,0,0,0,0.0054597,0,0,0,0,0,0.0010087,0.00031147,0.00093845,0,5.7043e-05,0.00030311,0.00014057,0,0.00019043,0,0,0,0
0.00090368,0,0.016454,0,0,0.0016091,0.0013816,0.008702,0,0,0.00011116,0,6.2854e-05,0.0044719,0,0.020073,0.0074499,0.00022755,0.00020993,0,0.034606,0.00021207,0,0,0,0.0061997,0.025169,0.0051437,0.0041053,0.035979,0,0.00015201,0.0003195,0.0095836,0,0,0.0085311,0,0,0,4.5438e-05,0,0,0,5.5311e-05,0,0,9.7369e-05,0,0.032654,6.9118e-05,0,0,0,0.0025401,7.2012e-05,0.022047,0.00036838,0,0.00026455,0.018069,8.6367e-05,0,0.00010292,0,0,0,0.00018327
9.1916e-05,0.015862,0,0.0099349,0.0011082,0.0017332,0.0063341,0.00029574,0.040157,0.0010408,0.00025653,0.000815,0.0023685,0.00046299,0.0016093,0.0059271,7.8318e-05,0.00018545,0,0.0042436,0.00028046,0.028263,0,0,0.011004,0.00040691,0.013574,0.018251,0.0024487,0.0011786,0.00010284,0.00074367,0.00029644,0.0015278,0,0,0,0.00040243,0,0.0012611,0.0037739,0.00023396,0.0032396,0.00063913,0,0.00012244,0,0.00044099,0,0.007536,0,0,0,0.00016547,0.0075188,0.00060938,0.00056782,0.042916,0,0.00020781,0.00034189,0.032567,0.00053739,0.0025833,0,0,0.0001016,0.00050109
0,0.04107,0,0,0.00026175,0,0.00010626,0.00010103,0.026834,0.00024575,0.0068729,0.00044728,0.0203,0.00029208,0.00056251,0,0,0.0066199,0.00040958,0.00020945,0,0.03524,0,0.011004,0,0.0037062,0.0089103,0.00014366,7.6908e-05,0,0.027251,0.0002667,0,0.0013528,0,0,0,0,0,0,7.9362e-05,0,0,0,0.0012685,0,0.0018609,0,0,0,0,0,0,0,0,0,0,0,0.00026958,0.00017593,5.1769e-05,0,0,0,0.00035804,0,0,0.00014365
0.00027173,0.0018873,0.01181,0,0,0.013215,0.0028628,0.017014,0.00026108,0.0040336,0.0084905,0.0032336,0.0044377,0.0074811,0,0.00018763,0.0056594,0.01094,0.0073735,0.0017922,0.00073838,0.0001283,0.0061997,0.00040691,0.0037062,0,0.02381,0.00109,0.0064566,0.002892,0.0024328,0.002603,7.1628e-05,0.0050436,0,0.00080743,0.00015867,0,0,5.0761e-05,8.529e-05,0,6.5522e-05,0.00017686,0.0035347,0.0001487,0.00071599,4.5492e-05,0,0,0.00081712,0.0034974,0.0037953,6.2783e-05,0,0,0,0.00012954,0.00096164,0.0448,0.024763,0,4.4544e-05,9.5815e-05,0.0070371,0,0,0.00061761
4.855e-05,0.00654,0.022354,4.5459e-05,9.734e-05,0.0018205,0.008838,0.0020282,0.0096707,0.0041129,0.0020545,0.002766,0.014336,0.0034819,0.00019722,0.0096499,0.04834,0.0050238,0.0072192,0.0010232,0.0030857,0.0059632,0.025169,0.013574,0.0089103,0.02381,0,0.011648,0.0017155,0.0018283,0.0043721,0.00034187,0.00025204,0.014388,0,0.0021216,0.024572,0,0,0,0.00017049,0.00018646,4.7306e-05,0.00014038,0.0022443,0.0002303,0.00061846,0.00017948,0,0.0037855,0.002295,0.0021692,0.0019135,9.1722e-05,3.7581e-05,0.00047159,0.011069,0.00034441,0.0010276,0.040292,0.07985,9.844e-05,0,0,0.0032276,0,0,0.0020264
0.00036948,0.00022868,0.00046322,0.014197,0.00044505,0.0091197,0.044673,0.0033232,0.018397,0.021218,0.00049327,0.01032,0.00037121,0.0056191,0.0013619,0.0081078,0.00025938,7.4419e-05,6.8757e-05,0.0094212,0.0059079,0.0011111,0.0051437,0.018251,0.00014366,0.00109,0.011648,0,0.01134,0.01412,8.0798e-05,0.0011931,0.0014875,0.010379,7.1883e-05,0,0.00039506,0.0010612,0,0.0023768,0.0088943,0.00035443,0.0042632,0.00336,0.00016364,0.00010533,0,0.00081754,7.5154e-05,0.0040374,6.7928e-05,0,0,0.0021031,0.0042468,0.00014144,0.00022701,0.075694,0,0.00033691,0.00048313,0.061383,0.0015051,0.0038099,0,7.608e-05,0.00024009,0.00084223
0.0064219,0,0.0059324,0.0003568,7.9605e-05,0.0010159,0.0072166,0.0063841,0.00022704,0.011791,0.0025973,0.0055416,0.0001312,0.023774,0,0,0.0086195,0.0010385,0.0022753,0.0035513,0.0019426,7.4181e-05,0.0041053,0.0024487,7.6908e-05,0.0064566,0.0017155,0.01134,0,0.021722,8.7283e-05,0.0043231,0.011052,0.011281,0,0,0,0,0,0.00011368,9.3712e-05,0,0,0,5.7427e-05,0.00011069,0,0,0,0,0,7.8367e-05,0,0,5.3693e-05,0,0,0.00047505,0,3.8769e-05,7.1281e-05,0.00062247,4.9159e-05,5.3288e-05,0,0,0,0
0.0096402,7.9665e-05,0.015565,0,7.7426e-05,0.0010534,0.0092943,0.014479,0.00036854,0,0.00022625,0,6.4113e-05,0.019622,0,7.0252e-05,0.0066642,7.7691e-05,0.0003577,0,0.033743,0.00043371,0.035979,0.0011786,0,0.002892,0.0018283,0.01412,0.021722,0,0,0.00054498,0.00090112,0.013101,0,0,0,0,0,5.5723e-05,0.00023046,0,0,0,0,0,0,0,0,0.0011193,0,0,0,0,0.0021604,7.367e-05,9.3199e-05,0.0028032,0,0,0.00010559,0.0036333,4.832e-05,5.2303e-05,0,0,0,6.228e-05
0,0,0,0,0,0,0,0.00023943,0,0.00028137,0.0014207,0.00040554,0.016341,0.00034382,0,0.00027824,0,0.00089646,0,0.00061939,0,0.00031314,0,0.00010284,0.027251,0.0024328,0.0043721,8.0798e-05,8.7283e-05,0,0,0.00090744,0,0.00068417,0,0.00040527,0,0,0,0,0,0,0,0,0.0070161,0,0.00022907,0,0,0,0,0,0.00027189,0,0,0,0,0,0,0.0017411,0.00016881,0,0,0,0.02485,0,0,0
0.00029762,0,0.00042265,0,0.0081596,0.016574,0.0010113,0.011292,0.00050499,0.0014535,0.0053264,0.0053371,0.0013353,0.0079922,0.0022996,0.00021608,0.00038102,0.00030628,0,0.0030495,0.00019401,0,0.00015201,0.00074367,0.0002667,0.002603,0.00034187,0.0011931,0.0043231,0.00054498,0.00090744,0,0.00076908,0.009447,0,0,0,0,0,0.00011991,8.272e-05,0,0.00025631,8.8842e-05,0,0,0,9.4149e-05,0,0,0,0,0,0,0,0,0,8.4764e-05,0,0,0,7.554e-05,0,0,0,0,0,0
0,0,0,0,0,0,0,0,0,0.00018086,0,0,0,0.00010963,0,0,0.0010842,0.00038059,0,0,0.0002068,0,0.0003195,0.00029644,0,7.1628e-05,0.00025204,0.0014875,0.011052,0.00090112,0,0.00076908,0,0.012013,0,0,0,0,0,0,0,0,0,0,0,0,0,0,0,0,0,0,0,0,0,0,0,8.9606e-05,0,0,0,0,0,0,0,0,0,0
0.00028561,0.00015178,0.00074484,0.00059503,0.0025894,0.00044948,0.004465,0.0016885,0.00065764,0.0087362,0.016132,0.011098,0.0044636,0.0033577,0,0.00024182,0.0024743,0.0017372,0.0071126,0.0054393,0.017418,0,0.0095836,0.0015278,0.0013528,0.0050436,0.014388,0.010379,0.011281,0.013101,0.00068417,0.009447,0.012013,0,0,0,0.00026812,0,0,0,0.00031783,0,0,0,0,0,0,0,0,0,0,0,0,0,0,0,0.00012907,0.0003886,0,0.00019818,0.00053458,0.00041468,6.7882e-05,0,0,0.00015119,0,0
0,0,0,0,0,0,0,0,0,0,0,0,0,0,0,0,0,0,0,0,0,0,0,0,0,0,0,7.1883e-05,0,0,0,0,0,0,0,0,0.00049705,0,0,0,0.010326,0.0020836,0,0,0.00011545,0,0,0.017892,0,0,0.00079208,0.0012473,0.0024938,0,0.00020258,0,8.0945e-05,0.00016262,0,0.0021124,0.00010359,0.00087343,0.0087144,0.01398,0,0,0,0.00043159
0,0.00031158,0.00027168,0,0,0,0,0,0,0,0,0,0,0,0,0,0.00036281,0,0.00021575,0,0,0,0,0,0,0.00080743,0.0021216,0,0,0,0.00040527,0,0,0,0,0,0,0,0,0,0,0,0.017527,0,0.00071225,0,0.00052975,0.00018374,0.00058875,0.00040388,0.0027013,0.00026518,0.0014069,0.000207,0,0.050815,0,0.00655,0.039289,0.0024398,0.010803,0,0,0,0,0,0,0.0010427
0,0,0.023934,0,0,0.00016964,0.00060569,0.00029207,0,0,0,0,0,0.00014217,0,0,0.0034528,0,0,0,0.00013683,0,0.0085311,0,0,0.00015867,0.024572,0.00039506,0,0,0,0,0,0.00026812,0.00049705,0,0,0,0,0.021505,0.028358,0.027078,0.0001218,0.0014135,0.0001604,0,0,0.019558,0,0.00011115,0.020999,0,0,0,0.00080409,0,0.031185,0.00012418,0,0.019953,0.019339,0.0025646,0.001169,0.00072351,0,0,0,0.00083655
0,0,0,0.0012447,0,0.00098377,0.00028392,0,0.0003554,0.0014218,0,0.0016834,0,0,0,0,0,0,0,0.0015177,0,0,0,0.00040243,0,0,0,0.0010612,0,0,0,0,0,0,0,0,0,0,0.00021288,0.00019987,0,8.8932e-05,0.012212,0.014083,0.00030527,0.021275,0,0.00081377,0,0,0,0,0,0.14564,0,0,0,0.011809,0,0.00054921,0.00043962,0.010466,0.0050172,0,0,0,0,0.0011088
0,0,0,0,0,0,0,0,0,0,0,0,0,0,0,0,0,0,0,0,0,0,0,0,0,0,0,0,0,0,0,0,0,0,0,0,0,0.00021288,0,0.0024594,8.4164e-05,0.00074707,0.00081213,0,0.00075443,0.0015103,0,0,0.019822,0,0,0,0,0,0,0,0,0.00051769,0.00033439,0,0,0.00046046,9.1899e-05,0,0,0.00072359,0,0.0012815
0,0,0.00032788,0.0003042,0,0.0016689,0.001357,0,0.0004414,0.0020836,0,0.00088672,0,0,0,0,0,0,0,0.00042715,0,0,0,0.0012611,0,5.0761e-05,0,0.0023768,0.00011368,5.5723e-05,0,0.00011991,0,0,0,0,0.021505,0.00019987,0.0024594,0,0.017801,0.018802,0.0025547,0.030017,7.5403e-05,0.011569,9.5229e-05,0.0029257,0.0076503,0,0.0010362,0.00046463,0.0007133,0.0014479,0.0011055,0,0.0013566,0.0015386,0,0.014046,0.00025098,0.003926,0.0019147,0,0,0.00086709,0,0.00043284
0,0,6.27e-05,0.00029387,0,0.0022654,0.0038309,5.4831e-05,0.0011708,0.0018007,0,0.00052076,0,0,0,7.4189e-05,0,0,0,0.00053378,0,0,4.5438e-05,0.0037739,7.9362e-05,8.529e-05,0.00017049,0.0088943,9.3712e-05,0.00023046,0,8.272e-05,0,0.00031783,0.010326,0,0.028358,0,8.4164e-05,0.017801,0,0.017256,0.0076848,0.0076093,0.00011757,0.00016982,0,0.035486,0.00033376,0,0.0031343,0.00024275,0.0013271,0,0.0051585,0,0.011206,0.0025183,0,0.010003,0.0010848,0.037077,0.010231,0.017698,0,0.00016917,8.9493e-05,0.0015685
0,0,0.00022326,0,0,0.00014471,0.00045935,0,9.7087e-05,5.5446e-05,0,0,0,0,0,9.1178e-05,0,0,0,0,0,0,0,0.00023396,0,0,0.00018646,0.00035443,0,0,0,0,0,0,0.0020836,0,0.027078,8.8932e-05,0.00074707,0.018802,0.017256,0,0.00039059,0.0081271,0.0043448,0.005081,0,0.026237,0.0039058,0,0.0039491,0.0036559,0.0085056,0.001742,0.00095475,0,0.0014292,0.0019298,0,0.038111,0.0038577,0.0029115,0.0045902,0.0062451,0.00069597,0.0020406,0,0.0029712
0,0,0,0.0012906,0.00025173,0.0013505,0.0012548,0,0.0069204,0.0022655,0.00011446,0.0012095,0,0,0,0.00018898,0,0.00025455,0,0.0014209,9.1141e-05,0.00040891,0,0.0032396,0,6.5522e-05,4.7306e-05,0.0042632,0,0,0,0.00025631,0,0,0,0.017527,0.0001218,0.012212,0.00081213,0.0025547,0.0076848,0.00039059,0,0.0030203,0.0018132,0.0034816,0.0034636,0.00070891,0.018699,0.00018685,0.00019185,0.000959,0.00018603,0.011661,0,0.041676,0,0.041249,0.094782,0.0020344,0.012944,0.008776,0.0021272,0.0002948,0.00033956,0,0.00033484,0.0014058
0,0,0,0.0010956,8.8285e-05,0.0014839,0.00053199,0,0.00058438,0.0048696,0,0.0025533,0,0,9.04e-05,0,7.5375e-05,0,0,0.0024428,5.4566e-05,0,0,0.00063913,0,0.00017686,0.00014038,0.00336,0,0,0,8.8842e-05,0,0,0,0,0.0014135,0.014083,0,0.030017,0.0076093,0.0081271,0.0030203,0,0.00037086,0.013188,7.453e-05,0.0065452,0,0,7.9573e-05,0.00060735,0.00031422,0.034881,0.00023002,8.3434e-05,0.0002013,0.00085791,0,0.0055784,0.0057413,0.030438,0.02978,5.7042e-05,0,0.00027299,0,0.0092618
0,0,0,0,0,0,7.2348e-05,0,0,0,0.0049248,0,0.0038484,0,0,0,0,0.0014656,0,0,0,0,5.5311e-05,0,0.0012685,0.0035347,0.0022443,0.00016364,5.7427e-05,0,0.0070161,0,0,0,0.00011545,0.00071225,0.0001604,0.00030527,0.00075443,7.5403e-05,0.00011757,0.0043448,0.0018132,0.00037086,0,0.00087352,0.0039721,0.0027663,0,0.00041619,0.00021116,0.016607,0.0018683,0.0011591,6.9959e-05,0.00022497,0.00011922,0.0007177,0.031648,0.016679,0.0046781,0.00044052,0.0036224,6.9274e-05,0.0045808,0.0049405,0,0.018641
0,0,0,0,0.00011254,0.00015316,0,0,0.0002097,0.0011,0,0.00099939,0,0,0,0,0,0,0,0.0004065,0,0,0,0.00012244,0,0.0001487,0.0002303,0.00010533,0.00011069,0,0,0,0,0,0,0,0,0.021275,0.0015103,0.011569,0.00016982,0.005081,0.0034816,0.013188,0.00087352,0,9.1104e-05,0.0082106,0.0045922,0,9.8756e-05,0.00088062,0.00038876,0.047218,0,0.00010477,0,0.0012662,0,0.014739,0.0096383,0.0034015,0.013741,0,0.00063625,0.0015207,0,0.0083146
0,0,0,0,0,0,0,0,0,0,0.00048854,0,0.00036799,0,0,0,0,0.00036856,0,0,0,0,0,0,0.0018609,0.00071599,0.00061846,0,0,0,0.00022907,0,0,0,0,0.00052975,0,0,0,9.5229e-05,0,0,0.0034636,7.453e-05,0.0039721,9.1104e-05,0,0,0.00018886,0.00029197,0.00014902,0,0,0,0,0.0014684,0,0.0015044,0.026868,0.0040102,0.014452,6.4937e-05,0,0,0.026784,0,0,0.00011612
0,0,6.9054e-05,0,0,6.7272e-05,0.00024565,0,0,5.2412e-05,0,6.3231e-05,0,5.8333e-05,0,0,0,0,0,0,0,0,9.7369e-05,0.00044099,0,4.5492e-05,0.00017948,0.00081754,0,0,0,9.4149e-05,0,0,0.017892,0.00018374,0.019558,0.00081377,0,0.0029257,0.035486,0.026237,0.00070891,0.0065452,0.0027663,0.0082106,0,0,0.0013312,8.2836e-05,0.0085481,0.0052337,0.014468,0.0036817,0.0012534,0,0.0014556,0.0026067,0,0.0372,0.0050404,0.0050433,0.02003,0.029178,0.0011381,0.0045389,0.00010302,0.0057108
0,0,0,0.00021478,0,0.00013556,0,0,0,0,0,0.00012009,0,0,0,0,0,0,0,0,0,0,0,0,0,0,0,7.5154e-05,0,0,0,0,0,0,0,0.00058875,0,0,0.019822,0.0076503,0.00033376,0.0039058,0.018699,0,0,0.0045922,0.00018886,0.0013312,0,0,0,0,0,0.00044813,0,0,8.5117e-05,0.0055589,0.0016163,0.00012168,0.00026737,0.002132,0.00018207,0,0,0.0003488,0,0
0,0,0.00011698,0,0,0.00011196,0,9.2272e-05,0.00018481,0,0,0,0,0,0,0.15185,0,0,0,0,0.016413,0.0054597,0.032654,0.007536,0,0,0.0037855,0.0040374,0,0.0011193,0,0,0,0,0,0.00040388,0.00011115,0,0,0,0,0,0.00018685,0,0.00041619,0,0.00029197,8.2836e-05,0,0,0.00033336,0,0.00016227,0.00016617,0.016448,0.014396,0.01323,0.018946,0,0.00072256,0.0046407,0.0055826,0.0001595,0.00036485,0,0.00045228,0,0.0022783
0,0,0.0049946,0,0,0,0,0,0,0,0,0,0,0,0,0,0.00060976,0,0,0,8.6062e-05,0,6.9118e-05,0,0,0.00081712,0.002295,6.7928e-05,0,0,0,0,0,0,0.00079208,0.0027013,0.020999,0,0,0.0010362,0.0031343,0.0039491,0.00019185,7.9573e-05,0.00021116,9.8756e-05,0.00014902,0.0085481,0,0.00033336,0,0.0010377,0.012784,0,0.0013106,0.0018945,0.0028107,0.00030515,0,0.0051535,0.065271,0.0006186,0.0021774,0.0086844,0.00027836,0,0.0011007,0.0036078
0,0,0.00013573,0,0,0,0,0,0,0,0.00011987,0,0,0,0,0,0,0.0011317,0.00043094,0,0,0,0,0,0,0.0034974,0.0021692,0,7.8367e-05,0,0,0,0,0,0.0012473,0.00026518,0,0,0,0.00046463,0.00024275,0.0036559,0.000959,0.00060735,0.016607,0.00088062,0,0.0052337,0,0,0.0010377,0,0.0088327,0.00082696,0.00020745,0.00047203,0.00016498,0.00024861,0.0077866,0.0232,0.0045611,0.00014807,0.0017608,0.00010222,0,0.00030855,0.00038573,0.0040182
0,0,0.00011666,0,0,0,0,0,0,0,0,0,0,0,0,0,0.00014874,0.00042203,0.0015396,0,0,0,0,0,0,0.0037953,0.0019135,0,0,0,0.00027189,0,0,0,0.0024938,0.0014069,0,0,0,0.0007133,0.0013271,0.0085056,0.00018603,0.00031422,0.0018683,0.00038876,0,0.014468,0,0.00016227,0.012784,0.0088327,0,0,0.00055322,0,0.00037518,7.5349e-05,0.00085616,0.013655,0.0038463,0,0.0038207,0.0031856,0,0,0.00026337,0.0093387
0,0,0,0.00082102,0.00021559,0.00045398,0.00039105,0,0.00056711,0.0036851,0,0.002971,0,0,0,0,0,0,0,0.0030398,0,0,0,0.00016547,0,6.2783e-05,9.1722e-05,0.0021031,0,0,0,0,0,0,0,0.000207,0,0.14564,0,0.0014479,0,0.001742,0.011661,0.034881,0.0011591,0.047218,0,0.0036817,0.00044813,0.00016617,0,0.00082696,0,0,0,0,0,0.0070846,0,0.0067709,0.0048673,0.013523,0.017957,0,0,0.00069751,0,0.0069413
0,0,0,0,0,0,0,6.4431e-05,9.9069e-05,0,0,0,0,0,0,0.020257,0,0,0,0,0.025058,0,0.0025401,0.0075188,0,0,3.7581e-05,0.0042468,5.3693e-05,0.0021604,0,0,0,0,0.00020258,0,0.00080409,0,0,0.0011055,0.0051585,0.00095475,0,0.00023002,6.9959e-05,0,0,0.0012534,0,0.016448,0.0013106,0.00020745,0.00055322,0,0,0.000297,0.030078,0.00016731,0,0.00097025,0.0012832,0.0072271,0.0024387,0.028441,0,0.00032949,0,0.03298
0,0,0,0,0,0,0,0,0.00063966,0,0,0,0,0,0,0.0033598,0,0,0,0,0.00027179,0.0010087,7.2012e-05,0.00060938,0,0,0.00047159,0.00014144,0,7.367e-05,0,0,0,0,0,0.050815,0,0,0,0,0,0,0.041676,8.3434e-05,0.00022497,0.00010477,0.0014684,0,0,0.014396,0.0018945,0.00047203,0,0,0.000297,0,0.00039738,0.021873,0.061108,0.00069483,0.0078323,7.1595e-05,8.4613e-05,0,0,0,0,0
0,0,0.00012728,0,0,0,0,0,0,0,0,0,6.8465e-05,5.4423e-05,0,0.037907,0.00021639,0,0,0,0.0020081,0.00031147,0.022047,0.00056782,0,0,0.011069,0.00022701,0,9.3199e-05,0,0,0,0.00012907,8.0945e-05,0,0.031185,0,0,0.0013566,0.011206,0.0014292,0,0.0002013,0.00011922,0,0,0.0014556,8.5117e-05,0.01323,0.0028107,0.00016498,0.00037518,0,0.030078,0.00039738,0,0.00019596,0,0.0088647,0.036834,0.0058573,0.001015,0.0097087,9.1773e-05,0.00034523,0,0.01613
0,0,0,0.00015015,0,0.0028677,0.0033793,0.00022288,0.0031949,0.0017773,0.00012025,0.00076511,6.8726e-05,0.00016376,0,0.0065213,0,0,7.7334e-05,0.00054592,0.01166,0.00093845,0.00036838,0.042916,0,0.00012954,0.00034441,0.075694,0.00047505,0.0028032,0,8.4764e-05,8.9606e-05,0.0003886,0.00016262,0.00655,0.00012418,0.011809,0.00051769,0.0015386,0.0025183,0.0019298,0.041249,0.00085791,0.0007177,0.0012662,0.0015044,0.0026067,0.0055589,0.018946,0.00030515,0.00024861,7.5349e-05,0.0070846,0.00016731,0.021873,0.00019596,0,0.011227,0.0037449,0.012681,0.012249,0.011451,0.0011067,0.00027673,0.00017345,0.0011027,0.004797
0,0,0,0,0,0,0,0,0,0,0,0,0,0,0,0,0,0.0018605,0.00023087,0,0,0,0,0,0.00026958,0.00096164,0.0010276,0,0,0,0,0,0,0,0,0.039289,0,0,0.00033439,0,0,0,0.094782,0,0.031648,0,0.026868,0,0.0016163,0,0,0.0077866,0.00085616,0,0,0.061108,0,0.011227,0,0.0099388,0.018279,0,0,0,0.10529,0,0,0
0,0.00018463,0.0099995,0,0,4.8113e-05,0.00018016,4.4072e-05,5.7926e-05,0.00016001,0.00028069,4.601e-05,0.0008811,4.336e-05,0,5.5769e-05,0.0064144,0.0035611,0.0070723,0,8.4704e-05,5.7043e-05,0.00026455,0.00020781,0.00017593,0.0448,0.040292,0.00033691,3.8769e-05,0,0.0017411,0,0,0.00019818,0.0021124,0.0024398,0.019953,0.00054921,0,0.014046,0.010003,0.038111,0.0020344,0.0055784,0.016679,0.014739,0.0040102,0.0372,0.00012168,0.00072256,0.0051535,0.0232,0.013655,0.0067709,0.00097025,0.00069483,0.0088647,0.0037449,0.0099388,0,0.023421,0.0024867,0.0058626,0.0029365,0.00089833,0.0014133,6.3996e-05,0.015188
0,0,0.02056,0,0,0.00021693,0.00044959,0.00016029,5.121e-05,7.3359e-05,8.4602e-05,4.1669e-05,0.00037109,7.8969e-05,0,0.0078732,0.0050922,0.00042481,0.0033603,5.0429e-05,0.00011594,0.00030311,0.018069,0.00034189,5.1769e-05,0.024763,0.07985,0.00048313,7.1281e-05,0.00010559,0.00016881,0,0,0.00053458,0.00010359,0.010803,0.019339,0.00043962,0,0.00025098,0.0010848,0.0038577,0.012944,0.0057413,0.0046781,0.0096383,0.014452,0.0050404,0.00026737,0.0046407,0.065271,0.0045611,0.0038463,0.0048673,0.0012832,0.0078323,0.036834,0.012681,0.018279,0.023421,0,0.0075681,0.0016882,0.00019936,0.0026893,0.00021577,5.5897e-05,0.029704
0,0,5.8486e-05,0.00054199,0,0.003375,0.0067198,0.00010316,0.0012894,0.0038256,5.5331e-05,0.0014649,0,5.0609e-05,0,0.0021876,0,0,0,0.0014723,0.0068444,0.00014057,8.6367e-05,0.032567,0,0,9.844e-05,0.061383,0.00062247,0.0036333,0,7.554e-05,0,0.00041468,0.00087343,0,0.0025646,0.010466,0.00046046,0.003926,0.037077,0.0029115,0.008776,0.030438,0.00044052,0.0034015,6.4937e-05,0.0050433,0.002132,0.0055826,0.0006186,0.00014807,0,0.013523,0.0072271,7.1595e-05,0.0058573,0.012249,0,0.0024867,0.0075681,0,0.031675,0.012709,0,7.7092e-05,0.0031648,0.015076
0,0,6.6894e-05,0.00023788,0,0.00026088,0.0007164,0,0.00033865,0.00025579,0,6.1416e-05,0,0,0,0,0,0,0,0.0001651,0.0001652,0,0,0.00053739,0,4.4544e-05,0,0.0015051,4.9159e-05,4.832e-05,0,0,0,6.7882e-05,0.0087144,0,0.001169,0.0050172,9.1899e-05,0.0019147,0.010231,0.0045902,0.0021272,0.02978,0.0036224,0.013741,0,0.02003,0.00018207,0.0001595,0.0021774,0.0017608,0.0038207,0.017957,0.0024387,8.4613e-05,0.001015,0.011451,0,0.0058626,0.0016882,0.031675,0,0.0092721,0.00049346,0.0026796,0.0072734,0.015943
0,0,0,0,0,0,0,0,9.7699e-05,0,0,0,0,0,0,0.00082546,0,0,0,0,0.0025929,0.00019043,0.00010292,0.0025833,0,9.5815e-05,0,0.0038099,5.3288e-05,5.2303e-05,0,0,0,0,0.01398,0,0.00072351,0,0,0,0.017698,0.0062451,0.0002948,5.7042e-05,6.9274e-05,0,0,0.029178,0,0.00036485,0.0086844,0.00010222,0.0031856,0,0.028441,0,0.0097087,0.0011067,0,0.0029365,0.00019936,0.012709,0.0092721,0,0,0.00010815,0.00093045,0.015717
0,0,0,0,0,0,0,0,0,0,0.0021078,0,0.0017877,0.0002272,0,0,0,0.0099632,0.0011713,0,0,0,0,0,0.00035804,0.0070371,0.0032276,0,0,0,0.02485,0,0,0,0,0,0,0,0,0,0,0.00069597,0.00033956,0,0.0045808,0.00063625,0.026784,0.0011381,0,0,0.00027836,0,0,0,0,0,9.1773e-05,0.00027673,0.10529,0.00089833,0.0026893,0,0.00049346,0,0,0.00099256,0,0.00018203
0,0,0,0,0,0,0.00023167,0,0,0,0,0,0,0,0,0,0,0,0,0,0,0,0,0,0,0,0,7.608e-05,0,0,0,0,0,0.00015119,0,0,0,0,0.00072359,0.00086709,0.00016917,0.0020406,0,0.00027299,0.0049405,0.0015207,0,0.0045389,0.0003488,0.00045228,0,0.00030855,0,0.00069751,0.00032949,0,0.00034523,0.00017345,0,0.0014133,0.00021577,7.7092e-05,0.0026796,0.00010815,0.00099256,0,0,0.0082478
0,0,0,0,0,0,0,0,0,0,0,0,0,0,0,0,0,0,0,0,0.00021291,0,0,0.0001016,0,0,0,0.00024009,0,0,0,0,0,0,0,0,0,0,0,0,8.9493e-05,0,0.00033484,0,0,0,0,0.00010302,0,0,0.0011007,0.00038573,0.00026337,0,0,0,0,0.0011027,0,6.3996e-05,5.5897e-05,0.0031648,0.0072734,0.00093045,0,0,0,0.010659
0,0,0.00048497,0,0,0.00046757,0.0004954,0,0,0.00033539,8.8613e-05,8.5885e-05,0.00010866,0,0,0.0002551,0,0,0,0,7.3962e-05,0,0.00018327,0.00050109,0.00014365,0.00061761,0.0020264,0.00084223,0,6.228e-05,0,0,0,0,0.00043159,0.0010427,0.00083655,0.0011088,0.0012815,0.00043284,0.0015685,0.0029712,0.0014058,0.0092618,0.018641,0.0083146,0.00011612,0.0057108,0,0.0022783,0.0036078,0.0040182,0.0093387,0.0069413,0.03298,0,0.01613,0.004797,0,0.015188,0.029704,0.015076,0.015943,0.015717,0.00018203,0.0082478,0.010659,0
